Company Name,Careers Website
8x8,https://8x8inc.wd5.myworkdayjobs.com/8x8_External_Careers
Aversan,https://jobs.aversan.com/?location%5B0%5D=Ottawa%2C%20ON&location%5B1%5D=Kanata%2C%20Ontario&location%5B2%5D=Ottawa%2C%20Ontario
Accenture,https://accenture.wd103.myworkdayjobs.com/en-US/AccentureCareers/details/Business-Analyst_12298352?locationCountry=a30a87ed25634629aa6c3958aa2b91ea&jobFamilyGroup=bb69a804fb120130e52200ed1301d275
Arup,https://jobs.arup.com/jobs/search/
Bank of Canada,https://careers.bankofcanada.ca/go/All-Job-Opportunities/2400817/?locale=en_US
Barracuda,https://www.barracuda.com/company/careers?location=Ottawa%252C%2520ON
BlackBerry,https://bb.wd3.myworkdayjobs.com/BlackBerry/jobs?Country=a30a87ed25634629aa6c3958aa2b91ea
BluWave-AI,https://bluwaveai.applytojob.com/apply
CGI,https://cgi.njoyn.com/Corp/xweb/xweb.asp?NTKN=c&clid=21001&Page=joblisting
CIRA,https://cira.bamboohr.com/careers
CMHC,https://careers.cmhc-schl.gc.ca/search/?q=&sortColumn=referencedate&sortDirection=desc
CBNC,https://cbnco.com/careers/opportunities/
Ciena,https://ciena.wd5.myworkdayjobs.com/Careers?Location_Country=a30a87ed25634629aa6c3958aa2b91ea
Cisco,https://jobs.cisco.com/jobs/SearchJobs/?21178=%5B207800%5D&21178_format=6020&21180=%5B162%2C163%5D&21180_format=6022&21181=%5B186%2C194%2C187%2C197%5D&21181_format=6023&listFilterMode=1
Curtiss-Wright,https://curtisswright.wd1.myworkdayjobs.com/CW_External_Career_Site?locations=0acdecbb5c43100c6552746daf420000
Deloitte,https://careers.deloitte.ca/search/?createNewAlert=false&q=software&optionsFacetsDD_customfield5=&optionsFacetsDD_location=&optionsFacetsDD_customfield3=
Dell,https://dell.wd1.myworkdayjobs.com/External?locations=74f2ae1895fc016e009dd51ed43a2314
EA,https://jobs.ea.com/en_US/careers/Home/?8171=%5B10577%5D&8171_format=5683&listFilterMode=1&jobRecordsPerPage=20&
Ericsson,https://jobs.ericsson.com/careers?start=0&location=Canada&pid=563121764675398&sort_by=distance&filter_include_remote=1
Field Effect,https://jobs.dayforcehcm.com/en-US/fieldeffect/CANDIDATEPORTAL?locationString=Canada&distance=15&locationId=1&locationType=2
Ford,https://efds.fa.em5.oraclecloud.com/hcmUI/CandidateExperience/en/sites/CX_1/requisitions?location=Ottawa%2C+ON%2C+Canada&locationId=100000032213830&locationLevel=city&mode=location&radius=25&radiusUnit=MI
Fortinet,https://edel.fa.us2.oraclecloud.com/hcmUI/CandidateExperience/en/sites/CX_2001/jobs?location=Ottawa%2C+ON%2C+Canada&locationId=100000000383219&locationLevel=city&mode=location&radius=25&radiusUnit=MI
Fullscript,https://fullscript.com/careers
General Dynamics,https://gdmissionsystems.ca/careers/job-search?state=eyJhZGRyZXNzIjpbXSwiZmFjZXRzIjoiW3tcIm5hbWVcIjpcImNhcmVlcl9yYWRpdXNcIixcInZhbHVlc1wiOlt7XCJ2YWx1ZVwiOlwiNTAgbWlsZXNcIn1dfV0iLCJwYWdlIjowLCJ3aGF0IjoiIiwicGFnZVNpemUiOjIwLCJsYXRpdHVkZSI6NDUuNDIwMDU3MiwibG9uZ2l0dWRlIjotNzUuNzAwMzM5Nywid2hlcmUiOiJPdHRhd2EsIE9OLCBDYW5hZGEifQ%3D%3D
Honeywell,https://careers.honeywell.com/en/sites/Honeywell/jobs
IBM,https://www.ibm.com/careers/search?field_keyword_18[0]=Entry%20Level&field_keyword_05[0]=Canada
Infosys,https://digitalcareers.infosys.com/infosys/global-careers?location=Canada
Keywords Studios,https://www.keywordsstudios.com/en/careers/browse-careers/#americas=359&page=1&view=list
Kinaxis,https://careers-kinaxis.icims.com/jobs/search?ss=1&searchRelation=keyword_all&searchLocation=12955-12964-Ottawa
Lumenix,https://secure.collage.co/jobs/lumenix
Lumentum,https://lumentum.wd5.myworkdayjobs.com/LITE?locations=01232ead616f01726660254a6810e472
Magnet Forensics,https://www.magnetforensics.com/careers-at-magnet?tags=Waterloo%20%2F%20Ottawa%20%2F%20Ontario%24Waterloo%20%2F%20Ottawa%20%2F%20Toronto%2F%20Ontario%24Canada
Mthree,https://mthree.com/careers/?gh_src=b8f668f76us#jobs
Nav Canada,https://navcanada.wd10.myworkdayjobs.com/en-US/NAV_Careers
Nakisa,https://nakisa.com/career-opportunities/
Nokia,https://fa-evmr-saasfaprod1.fa.ocs.oraclecloud.com/hcmUI/CandidateExperience/en/sites/CX_1/jobs?location=Canada&locationId=300000000471544&locationLevel=country&mode=location
Ribbon Communications,https://vhr-genband.wd1.myworkdayjobs.com/ribboncareers?locationCountry=a30a87ed25634629aa6c3958aa2b91ea
Ross Video,https://earlyaccess.dayforcehcm.com/CandidatePortal/en-US/rossvideo?l=23
Satcom Direct,https://gogo.wd1.myworkdayjobs.com/careers-satcomdirect
Scaled Analytics,https://scaledanalytics.com/careers/
Searidge,https://searidgetech.applytojob.com/apply
Siemens Healthineers,https://www.siemens-healthineers.com/en-ca/careers
Spiria,https://www.spiria.com/en/careers
Snowed In Studios,https://apply.workable.com/snowed-in-studios-3/?lng=en
Solink,https://jobs.ashbyhq.com/solink?locationId=fa8e0a1a-870f-4d53-a5d0-53646047ae34
Stryten Energy,https://jobs.stryten.com/stryten-home/jobs?stretchUnit=MILES&stretch=25&location=Canada&woe=12&regionCode=CA
Synopsys,https://careers.synopsys.com/search-jobs/Canada%2C%20Canada/44408/2/6251999/60x10867/-113x64258/50/2
Syntronic,https://syntronic.com/career-americas/
TD,https://td.wd3.myworkdayjobs.com/en-US/TD_Bank_Careers?locationCountry=a30a87ed25634629aa6c3958aa2b91ea&locations=dafbf576c2d210009451dc5fac020000&locations=dafbf576c2d2100094522b9d2fcd0000
Telesat,https://www.telesat.com/careers/jobs/
Trend Micro,https://trendmicro.wd3.myworkdayjobs.com/External?locationCountry=a30a87ed25634629aa6c3958aa2b91ea
Warner Bros,https://careers.wbd.com/global/en/c/technology-jobs?from=10&s=1
Wind River,"https://jobs.jobvite.com/windriver/search?r=&l=Canada,%20Kanata,%20ON&c=&t="
Wisk,https://wisk.wd108.myworkdayjobs.com/Wisk_Careers?locations=7016e2d7914610002f8cb392c9dd0000
Veem,https://www.veem.com/careers/
Veeva,https://careers.veeva.com/job-search-results/?search=&remote=false&ts=&regions=Canada&office_locations=
Zhone,https://recruiting.paylocity.com/recruiting/jobs/All/71dd2780-25a5-421a-9c99-959c6be49e8c/Zhone-Technologies-Inc?location=Ottawa&department=All%20Departments
